step,dimensionless_time,mean_c,energy_density
0,0.0,4.472333961502706e-19,0.25433893185313144
10,2.0,1.7618285302889447e-19,0.2499433819366155
20,4.0,3.5236570605778894e-19,0.2498776228485935
30,6.0,1.8973538018496328e-19,0.2497350425932591
40,8.0,-1.6263032587282567e-19,0.24941290614502082
50,10.0,5.421010862427522e-20,0.24868672575715645
60,12.0,-4.87890977618477e-19,0.24710021950348846
70,14.0,-1.734723475976807e-18,0.2438938590369109
80,16.0,-8.673617379884035e-19,0.2382987983671072
90,18.0,1.0842021724855044e-18,0.23047992866385192
100,20.0,1.0842021724855044e-18,0.22207875929173126
110,22.0,-1.734723475976807e-18,0.21486600346514045
120,24.0,6.071532165918825e-18,0.2092932127646288
130,26.0,7.806255641895632e-18,0.20494859651050912
140,28.0,7.806255641895632e-18,0.20137065747653862
150,30.0,5.204170427930421e-18,0.19823587446106372
160,32.0,6.938893903907228e-18,0.19536934819417412
170,34.0,1.1275702593849246e-17,0.19270768061245225
180,36.0,7.806255641895632e-18,0.19023653650536015
190,38.0,1.5612511283791264e-17,0.18794169554136592
200,40.0,1.6479873021779667e-17,0.185800917564158
210,42.0,2.2551405187698492e-17,0.1837869065361133
220,44.0,2.42861286636753e-17,0.18187017593527557
230,46.0,1.734723475976807e-17,0.18002791502635054
240,48.0,2.2551405187698492e-17,0.17824745591077112
250,50.0,3.2959746043559335e-17,0.1765197935652952
260,52.0,2.7755575615628914e-17,0.17483581640252194
270,54.0,1.9949319973733282e-17,0.17318834562268592
280,56.0,1.8214596497756474e-17,0.17157568146384694
290,58.0,2.949029909160572e-17,0.17000210415041012
300,60.0,2.949029909160572e-17,0.1684724430269497
310,62.0,3.0357660829594124e-17,0.16698604444951065
320,64.0,2.862293735361732e-17,0.1655370105394981
330,66.0,3.209238430557093e-17,0.16411741686268044
340,68.0,2.7755575615628914e-17,0.16272073795163106
350,70.0,2.688821387764051e-17,0.16134415252153333
360,72.0,2.862293735361732e-17,0.15998770286794203
370,74.0,2.949029909160572e-17,0.15865065826751218
380,76.0,3.469446951953614e-17,0.15732791151990205
390,78.0,2.7755575615628914e-17,0.1560101853431843
400,80.0,2.5153490401663703e-17,0.1546974990928671
410,82.0,2.5153490401663703e-17,0.15342965214165624
420,84.0,2.42861286636753e-17,0.15224573613130526
430,86.0,1.9949319973733282e-17,0.1511359293018938
440,88.0,1.5612511283791264e-17,0.15008131433249472
450,90.0,2.42861286636753e-17,0.14907105766153855
460,92.0,1.0408340855860843e-17,0.14809998644002123
470,94.0,1.8214596497756474e-17,0.1471647456246543
480,96.0,1.5612511283791264e-17,0.14626210060006448
490,98.0,1.6479873021779667e-17,0.14538875883790997
500,100.0,4.336808689942018e-18,0.1445417518643647
510,102.0,8.673617379884035e-18,0.14371861359653715
520,104.0,3.469446951953614e-18,0.14291706827123185
530,106.0,8.673617379884035e-19,0.14213476103790335
540,108.0,-1.0408340855860843e-17,0.14136931793343985
550,110.0,-1.0408340855860843e-17,0.14061841363399588
560,112.0,-1.3010426069826053e-17,0.13987963185427602
570,114.0,-1.5612511283791264e-17,0.13915033197645021
580,116.0,-2.3418766925686896e-17,0.1384276733098425
590,118.0,-2.42861286636753e-17,0.13770880108487116
600,120.0,-2.6020852139652106e-17,0.1369914701157349
610,122.0,-3.642919299551295e-17,0.13627527029579395
620,124.0,-3.122502256758253e-17,0.13556226447692815
630,126.0,-3.122502256758253e-17,0.13485371734132873
640,128.0,-2.949029909160572e-17,0.1341444046389377
650,130.0,-4.336808689942018e-17,0.13342521009721703
660,132.0,-5.204170427930421e-17,0.13270952648605508
670,134.0,-5.898059818321144e-17,0.13203382753745832
680,136.0,-7.28583859910259e-17,0.13140378799724126
690,138.0,-6.158268339717665e-17,0.13080290765221753
700,140.0,-6.418476861114186e-17,0.13021141398801417
710,142.0,-5.117434254131581e-17,0.12961629418890128
720,144.0,-5.984795992119984e-17,0.12903479477595786
730,146.0,-6.938893903907228e-17,0.12849970312847764
740,148.0,-6.678685382510707e-17,0.12800914599014193
750,150.0,-7.632783294297951e-17,0.12754659259346696
760,152.0,-8.933825901280557e-17,0.12709954695321518
770,154.0,-9.71445146547012e-17,0.12665991111054936
780,156.0,-9.194034422677078e-17,0.1262222587561861
790,158.0,-8.239936510889834e-17,0.12578282961336612
800,160.0,-1.0234868508263162e-16,0.12533848882940285
810,162.0,-1.0408340855860843e-16,0.12488474533169105
820,164.0,-1.0581813203458523e-16,0.12441378761230758
830,166.0,-1.0061396160665481e-16,0.12392035491079365
840,168.0,-1.0148132334464322e-16,0.12342736931127117
850,170.0,-1.0321604682062002e-16,0.1229715763219601
860,172.0,-9.454242944073599e-17,0.12255781787771691
870,174.0,-1.0148132334464322e-16,0.12217565900878496
880,176.0,-8.760353553682876e-17,0.12181511261136377
890,178.0,-1.0234868508263162e-16,0.12146918502202614
900,180.0,-1.0755285551056204e-16,0.12113343233804555
910,182.0,-9.540979117872439e-17,0.12080511938846611
920,184.0,-9.194034422677078e-17,0.1204825321523629
930,186.0,-9.280770596475918e-17,0.12016451311872475
940,188.0,-9.107298248878237e-17,0.1198501674147073
950,190.0,-8.760353553682876e-17,0.11953867415078998
960,192.0,-8.847089727481716e-17,0.11922915246017152
970,194.0,-8.066464163292153e-17,0.11892056014035214
980,196.0,-7.892991815694472e-17,0.11861166340448584
990,198.0,-9.71445146547012e-17,0.11830123161683946
1000,200.0,-7.979727989493313e-17,0.11798864789342679
1010,202.0,-7.546047120499111e-17,0.11767463129707856
1020,204.0,-7.546047120499111e-17,0.11736106638306992
1030,206.0,-8.413408858487514e-17,0.11704987085467763
1040,208.0,-8.586881206085195e-17,0.11674219740486824
1050,210.0,-9.280770596475918e-17,0.11643845491869176
1060,212.0,-8.673617379884035e-17,0.11613864087321063
1070,214.0,-8.847089727481716e-17,0.11584258961883337
1080,216.0,-8.673617379884035e-17,0.11555007708234363
1090,218.0,-6.852157730108388e-17,0.11526085142709616
1100,220.0,-8.500145032286355e-17,0.11497464843780314
1110,222.0,-7.546047120499111e-17,0.11469120833638814
1120,224.0,-6.071532165918825e-17,0.11441028815391496
1130,226.0,-5.984795992119984e-17,0.11413166267919225
1140,228.0,-5.551115123125783e-17,0.1138551139224813
1150,230.0,-5.984795992119984e-17,0.1135804148868606
1160,232.0,-6.591949208711867e-17,0.11330731391108734
1170,234.0,-5.4643789493269423e-17,0.1130355210758249
1180,236.0,-5.898059818321144e-17,0.11276469364599863
1190,238.0,-5.984795992119984e-17,0.11249442102408638
1200,240.0,-5.637851296924623e-17,0.11222422568539794
1210,242.0,-6.071532165918825e-17,0.11195361899996575
1220,244.0,-7.45931094670027e-17,0.11168225037920754
1230,246.0,-7.19910242530375e-17,0.11141011312609164
1240,248.0,-6.678685382510707e-17,0.11113764219541739
1250,250.0,-5.2909066017292616e-17,0.11086556137127485
1260,252.0,-5.811323644522304e-17,0.1105945889132054
1270,254.0,-7.19910242530375e-17,0.11032524058601818
1280,256.0,-6.938893903907228e-17,0.1100578058275441
1290,258.0,-5.637851296924623e-17,0.10979241255605418
1300,260.0,-5.637851296924623e-17,0.10952909534574223
1310,262.0,-5.637851296924623e-17,0.10926783733398171
1320,264.0,-7.632783294297951e-17,0.10900858880818326
1330,266.0,-7.892991815694472e-17,0.10875127381697933
1340,268.0,-6.765421556309548e-17,0.10849579537135823
1350,270.0,-6.765421556309548e-17,0.10824204508539112
1360,272.0,-7.632783294297951e-17,0.10798991574835823
1370,274.0,-7.025630077706069e-17,0.10773931016789123
1380,276.0,-7.546047120499111e-17,0.10749014068638163
1390,278.0,-8.153200337090993e-17,0.10724231914644418
1400,280.0,-7.546047120499111e-17,0.10699574178499391
1410,282.0,-8.326672684688674e-17,0.10675027433387718
1420,284.0,-7.719519468096792e-17,0.1065057393604595
1430,286.0,-8.586881206085195e-17,0.10626190236447475
1440,288.0,-9.540979117872439e-17,0.10601844792193349
1450,290.0,-7.979727989493313e-17,0.1057749353399636
1460,292.0,-7.806255641895632e-17,0.105530729296827
1470,294.0,-8.066464163292153e-17,0.10528492586045415
1480,296.0,-7.632783294297951e-17,0.1050363664969723
1490,298.0,-7.19910242530375e-17,0.10478396042650341
1500,300.0,-7.45931094670027e-17,0.10452747000427781
1510,302.0,-7.892991815694472e-17,0.10426815697784006
1520,304.0,-7.806255641895632e-17,0.10400822214048945
1530,306.0,-7.112366251504909e-17,0.10374956255266773
1540,308.0,-7.719519468096792e-17,0.10349324374359928
1550,310.0,-7.979727989493313e-17,0.1032396959110094
1560,312.0,-7.719519468096792e-17,0.10298903089289765
1570,314.0,-5.811323644522304e-17,0.10274124744999269
1580,316.0,-5.551115123125783e-17,0.10249632857539147
1590,318.0,-5.811323644522304e-17,0.1022542687103761
1600,320.0,-4.85722573273506e-17,0.10201506308012001
