time,portrait_energy,double_well_energy,max_channel_mean_drift,mean_R,mean_G,mean_B
0.000000000000000000e+00,7.193706083567208941e-03,1.711435537000027818e-01,0.000000000000000000e+00,2.563580159627931176e-01,2.349979575163421153e-01,9.989267141151307594e-02
2.500000000000000000e+00,1.135854583110893065e-04,1.446998899873201683e-01,5.273559366969493567e-15,2.563580159627946720e-01,2.349979575163368417e-01,9.989267141151353391e-02
5.000000000000000000e+00,5.664060586865099137e-05,1.348329396829188453e-01,4.357625371653739421e-15,2.563580159627955601e-01,2.349979575163377576e-01,9.989267141151356166e-02
7.500000000000000000e+00,3.766255420183417692e-05,1.244255027206561393e-01,5.467848396278895962e-15,2.563580159627908417e-01,2.349979575163366474e-01,9.989267141151388085e-02
1.000000000000000000e+01,2.816159883333319160e-05,1.160478622458248343e-01,4.413136522884997248e-15,2.563580159627938393e-01,2.349979575163377021e-01,9.989267141151245144e-02
1.250000000000000000e+01,2.244864393707664391e-05,1.095971195500106271e-01,3.552713678800500929e-15,2.563580159627901756e-01,2.349979575163385626e-01,9.989267141151239593e-02
1.500000000000000000e+01,1.862943387903007270e-05,1.044437633059632498e-01,4.718447854656915297e-15,2.563580159627898425e-01,2.349979575163373968e-01,9.989267141151193796e-02
1.750000000000000000e+01,1.589370190162794701e-05,1.002539569524368707e-01,5.329070518200751394e-15,2.563580159627907307e-01,2.349979575163367862e-01,9.989267141151225715e-02
2.000000000000000000e+01,1.383697480799184045e-05,9.681371707712360664e-02,5.578870698741411616e-15,2.563580159627916744e-01,2.349979575163365364e-01,9.989267141151156326e-02
2.250000000000000000e+01,1.223459959474046577e-05,9.394186285013833571e-02,3.858025010572418978e-15,2.563580159627942279e-01,2.349979575163382572e-01,9.989267141151096652e-02
2.500000000000000000e+01,1.095158620386384436e-05,9.151202389750859312e-02,6.217248937900876626e-15,2.563580159627923405e-01,2.349979575163358980e-01,9.989267141151139673e-02
2.750000000000000000e+01,9.901779691187566896e-06,8.938573255172840848e-02,7.049916206369744032e-15,2.563580159627915633e-01,2.349979575163350654e-01,9.989267141151106366e-02
3.000000000000000000e+01,9.027518164334097532e-06,8.751190110978787629e-02,6.550315845288423588e-15,2.563580159627932842e-01,2.349979575163355650e-01,9.989267141151052243e-02
3.250000000000000000e+01,8.288705354088699264e-06,8.586188814772628686e-02,6.716849298982197070e-15,2.563580159627885102e-01,2.349979575163353984e-01,9.989267141151109142e-02
3.500000000000000000e+01,7.656571498785948575e-06,8.436856827743471898e-02,5.828670879282071837e-15,2.563580159627891208e-01,2.349979575163362866e-01,9.989267141151070284e-02
3.750000000000000000e+01,7.109927132668056638e-06,8.300819700327929929e-02,7.549516567451064475e-15,2.563580159627881216e-01,2.349979575163345658e-01,9.989267141151061957e-02
4.000000000000000000e+01,6.632816885551873723e-06,8.176738984629169926e-02,6.994405055138486205e-15,2.563580159627911192e-01,2.349979575163351209e-01,9.989267141151127183e-02
4.250000000000000000e+01,6.212996708455232753e-06,8.062113173612114880e-02,7.244205235679146426e-15,2.563580159627880661e-01,2.349979575163348711e-01,9.989267141150892648e-02
4.500000000000000000e+01,5.840914901103967372e-06,7.954404088109018334e-02,7.410738689372919907e-15,2.563580159627862898e-01,2.349979575163347045e-01,9.989267141150884322e-02
4.750000000000000000e+01,5.509012046700616499e-06,7.853735172446717205e-02,9.520162436160717334e-15,2.563580159627870669e-01,2.349979575163325951e-01,9.989267141151057794e-02
5.000000000000000000e+01,5.211228865189066400e-06,7.760240591595027326e-02,9.048317650695025804e-15,2.563580159627890653e-01,2.349979575163330670e-01,9.989267141150941220e-02
5.250000000000000000e+01,4.942653170992789824e-06,7.671703182274268451e-02,8.160139230994900572e-15,2.563580159627849575e-01,2.349979575163340106e-01,9.989267141150830198e-02
5.500000000000000000e+01,4.699262039801002734e-06,7.587058572827870551e-02,7.188694084447888599e-15,2.563580159627873445e-01,2.349979575163349266e-01,9.989267141150867668e-02
5.750000000000000000e+01,4.477730471549364840e-06,7.506188284085923978e-02,1.229571999772360869e-14,2.563580159627860122e-01,2.349979575163298195e-01,9.989267141150873219e-02
6.000000000000000000e+01,4.275287343338337887e-06,7.426968640591427584e-02,1.074140776324838953e-14,2.563580159627853461e-01,2.349979575163313739e-01,9.989267141150823259e-02
6.250000000000000000e+01,4.089605545385853031e-06,7.348452124936846741e-02,9.270362255620057113e-15,2.563580159627855126e-01,2.349979575163328449e-01,9.989267141150867668e-02
6.500000000000000000e+01,3.918717192796686115e-06,7.274484806045969365e-02,1.054711873393898713e-14,2.563580159627871224e-01,2.349979575163315682e-01,9.989267141150759421e-02
6.750000000000000000e+01,3.760947480865262508e-06,7.205888695025627899e-02,1.096345236817342084e-14,2.563580159627852906e-01,2.349979575163311518e-01,9.989267141150666440e-02
7.000000000000000000e+01,3.614862572764364726e-06,7.141589529046032947e-02,9.547918011776346248e-15,2.563580159627857902e-01,2.349979575163325674e-01,9.989267141150569296e-02
7.250000000000000000e+01,3.479228168628109849e-06,7.079901083416730023e-02,1.101896351940467866e-14,2.563580159627855126e-01,2.349979575163310963e-01,9.989267141150710849e-02
7.500000000000000000e+01,3.352976290082705237e-06,7.020409316742708128e-02,1.010302952408892452e-14,2.563580159627830146e-01,2.349979575163320678e-01,9.989267141150699747e-02
7.750000000000000000e+01,3.235178444438976210e-06,6.963040313398632941e-02,1.243449787580175325e-14,2.563580159627809052e-01,2.349979575163296808e-01,9.989267141150626195e-02
8.000000000000000000e+01,3.125023787153944995e-06,6.907604229586053468e-02,1.096345236817342084e-14,2.563580159627862898e-01,2.349979575163311518e-01,9.989267141150567908e-02
8.250000000000000000e+01,3.021801232689547330e-06,6.855143903253671511e-02,1.210143096841420629e-14,2.563580159627841248e-01,2.349979575163300138e-01,9.989267141150576235e-02
8.500000000000000000e+01,2.924884708428437472e-06,6.805160473870604243e-02,1.179611963664228824e-14,2.563580159627852351e-01,2.349979575163303191e-01,9.989267141150556806e-02
8.750000000000000000e+01,2.833720928523021852e-06,6.756671386574310267e-02,1.293409823688307370e-14,2.563580159627861788e-01,2.349979575163291812e-01,9.989267141150512397e-02
9.000000000000000000e+01,2.747819201635859439e-06,6.709157302353564722e-02,1.551536676913656265e-14,2.563580159627843469e-01,2.349979575163265999e-01,9.989267141150495743e-02
9.250000000000000000e+01,2.666742890581412485e-06,6.663223049357300254e-02,1.387778780781445676e-14,2.563580159627852906e-01,2.349979575163282375e-01,9.989267141150440232e-02
9.500000000000000000e+01,2.590102221524295073e-06,6.618829276989629529e-02,1.260103132949552673e-14,2.563580159627805166e-01,2.349979575163300138e-01,9.989267141150523499e-02
9.750000000000000000e+01,2.517548201833637412e-06,6.575341283013041993e-02,1.351696532481128088e-14,2.563580159627824040e-01,2.349979575163285983e-01,9.989267141150427742e-02
1.000000000000000000e+02,2.448767453448378745e-06,6.532377977768365207e-02,1.726396803292118420e-14,2.563580159627781851e-01,2.349979575163248513e-01,9.989267141150555418e-02
1.025000000000000000e+02,2.383477805983300204e-06,6.490702962640429452e-02,1.443289932012703503e-14,2.563580159627786847e-01,2.349979575163305690e-01,9.989267141150368068e-02
1.050000000000000000e+02,2.321424523249327153e-06,6.450328949903844089e-02,1.493249968120835547e-14,2.563580159627834587e-01,2.349979575163271828e-01,9.989267141150304230e-02
1.075000000000000000e+02,2.262377060201210495e-06,6.410997735646124795e-02,1.557087792036782048e-14,2.563580159627794619e-01,2.349979575163265444e-01,9.989267141150416640e-02
1.100000000000000000e+02,2.206126265935219056e-06,6.373053686667243256e-02,1.443289932012703503e-14,2.563580159627825150e-01,2.349979575163276824e-01,9.989267141150356966e-02
1.125000000000000000e+02,2.152481963279910550e-06,6.336724110279849664e-02,1.337818744673313631e-14,2.563580159627797395e-01,2.349979575163296808e-01,9.989267141150384721e-02
1.150000000000000000e+02,2.101270847548700238e-06,6.300894668245868302e-02,1.421085471520200372e-14,2.563580159627789068e-01,2.349979575163293755e-01,9.989267141150277862e-02
1.175000000000000000e+02,2.052334656763759613e-06,6.265210194928354237e-02,1.601496713021788310e-14,2.563580159627774635e-01,2.349979575163261003e-01,9.989267141150366680e-02
1.200000000000000000e+02,2.005528573588333730e-06,6.229596984248218783e-02,1.670885652060860593e-14,2.563580159627780741e-01,2.349979575163254064e-01,9.989267141150214024e-02
1.225000000000000000e+02,1.960719825685631611e-06,6.194416270991092571e-02,1.879052469178077445e-14,2.563580159627781851e-01,2.349979575163233247e-01,9.989267141150282026e-02
1.250000000000000000e+02,1.917786456543572466e-06,6.159768371642992957e-02,1.573741137406159396e-14,2.563580159627775745e-01,2.349979575163263779e-01,9.989267141150252882e-02
1.275000000000000000e+02,1.876616243191677953e-06,6.125398048784722049e-02,1.726396803292118420e-14,2.563580159627774080e-01,2.349979575163248513e-01,9.989267141150194596e-02
1.300000000000000000e+02,1.837105740867254399e-06,6.092016367709802288e-02,2.131628207280300558e-14,2.563580159627718014e-01,2.349979575163238521e-01,9.989267141150255658e-02
1.325000000000000000e+02,1.799159437704585505e-06,6.059948370718225286e-02,1.890154699424329010e-14,2.563580159627765198e-01,2.349979575163232137e-01,9.989267141150139084e-02
1.350000000000000000e+02,1.762689005035894193e-06,6.027957819677368101e-02,1.712519015484303964e-14,2.563580159627764643e-01,2.349979575163249901e-01,9.989267141150159901e-02
1.375000000000000000e+02,1.727612630997250066e-06,5.995855719566099001e-02,1.970645868709652859e-14,2.563580159627760757e-01,2.349979575163224088e-01,9.989267141150011409e-02
1.400000000000000000e+02,1.693854426899035111e-06,5.963190060184717090e-02,1.826316875508382509e-14,2.563580159627748545e-01,2.349979575163239076e-01,9.989267141150201534e-02
1.425000000000000000e+02,1.661343897308331190e-06,5.930579574094071993e-02,1.948441408217149728e-14,2.563580159627766308e-01,2.349979575163226309e-01,9.989267141150115492e-02
1.450000000000000000e+02,1.630015466047265548e-06,5.899959055962620408e-02,2.284283873166259582e-14,2.563580159627742994e-01,2.349979575163192724e-01,9.989267141149961449e-02
1.475000000000000000e+02,1.599808051376182791e-06,5.871631955977597850e-02,1.870725796493388771e-14,2.563580159627770749e-01,2.349979575163234080e-01,9.989267141149937856e-02
1.500000000000000000e+02,1.570664684535238274e-06,5.845321774111597590e-02,2.148281552649677906e-14,2.563580159627724120e-01,2.349979575163206325e-01,9.989267141149917040e-02
1.525000000000000000e+02,1.542532166588942066e-06,5.820549182556546824e-02,2.237099394619690429e-14,2.563580159627707467e-01,2.349979575163207990e-01,9.989267141149864304e-02
1.550000000000000000e+02,1.515360759176783385e-06,5.796542395404974402e-02,2.020605904817784904e-14,2.563580159627738553e-01,2.349979575163219092e-01,9.989267141149911489e-02
1.575000000000000000e+02,1.489103905337223871e-06,5.772910451693343686e-02,2.092770401418420079e-14,2.563580159627731336e-01,2.349979575163211876e-01,9.989267141149801854e-02
1.600000000000000000e+02,1.463717977056774449e-06,5.749599321897568699e-02,2.339795024397517409e-14,2.563580159627714683e-01,2.349979575163187173e-01,9.989267141149928142e-02
1.625000000000000000e+02,1.439162046612854901e-06,5.726595478298510816e-02,2.423061751244404149e-14,2.563580159627737443e-01,2.349979575163178847e-01,9.989267141149903162e-02
1.650000000000000000e+02,1.415397679138912748e-06,5.704317093803418226e-02,2.536859611268482695e-14,2.563580159627714683e-01,2.349979575163167467e-01,9.989267141149928142e-02
1.675000000000000000e+02,1.392388744151406543e-06,5.682760281258454615e-02,2.303712776097199821e-14,2.563580159627705246e-01,2.349979575163190781e-01,9.989267141149843487e-02
1.700000000000000000e+02,1.370101244047879893e-06,5.661912491711840190e-02,2.620126338115369435e-14,2.563580159627669164e-01,2.349979575163194112e-01,9.989267141149836549e-02
1.725000000000000000e+02,1.348503157819535507e-06,5.641300255867569974e-02,2.475797344914099085e-14,2.563580159627695254e-01,2.349979575163173573e-01,9.989267141149826834e-02
1.750000000000000000e+02,1.327564298425544573e-06,5.620504625244193003e-02,2.262079412673756451e-14,2.563580159627712463e-01,2.349979575163194945e-01,9.989267141149782425e-02
1.775000000000000000e+02,1.307256182454039771e-06,5.599843220139995303e-02,2.234323837058127538e-14,2.563580159627709687e-01,2.349979575163197720e-01,9.989267141149804630e-02
1.800000000000000000e+02,1.287551910850031449e-06,5.579327905393748066e-02,2.553512956637860043e-14,2.563580159627675825e-01,2.349979575163214929e-01,9.989267141149690832e-02
1.825000000000000000e+02,1.268426059626463855e-06,5.558495437628675068e-02,2.398081733190338127e-14,2.563580159627691368e-01,2.349979575163199108e-01,9.989267141149778262e-02
1.850000000000000000e+02,1.249854579593810302e-06,5.537499523298213683e-02,2.695066392277567502e-14,2.563580159627670274e-01,2.349979575163151646e-01,9.989267141149700546e-02
1.875000000000000000e+02,1.231814704248399381e-06,5.516500460489544289e-02,2.609024107869117870e-14,2.563580159627679156e-01,2.349979575163160250e-01,9.989267141149563156e-02
1.900000000000000000e+02,1.214284865051816616e-06,5.495723031820074628e-02,2.814415367424771830e-14,2.563580159627693034e-01,2.349979575163139711e-01,9.989267141149531237e-02
1.925000000000000000e+02,1.197244613415031848e-06,5.475696396690558909e-02,2.708944180085381959e-14,2.563580159627670274e-01,2.349979575163150258e-01,9.989267141149572871e-02
1.950000000000000000e+02,1.180674548772659832e-06,5.456891719150474412e-02,2.625677453238495218e-14,2.563580159627673050e-01,2.349979575163158585e-01,9.989267141149472951e-02
1.975000000000000000e+02,1.164556252196229744e-06,5.438572602971124270e-02,2.708944180085381959e-14,2.563580159627660282e-01,2.349979575163153311e-01,9.989267141149529849e-02
2.000000000000000000e+02,1.148872225051588397e-06,5.420354406783403634e-02,2.736699755701010872e-14,2.563580159627666388e-01,2.349979575163147483e-01,9.989267141149471563e-02
