time,AC_mean,CH_mean,AC_energy_per_area,CH_energy_per_area
0.000000000000000000e+00,2.260154574525122528e-01,2.260154574525122528e-01,1.653984598396650296e-01,1.653984598396650574e-01
1.000000000000000056e-01,2.260154574525122528e-01,2.260154574525122528e-01,1.644090403074804363e-01,1.653276028290771860e-01
1.085098408702918210e-01,2.260154574525122528e-01,2.260154574525122528e-01,1.643251160485270923e-01,1.653215768309482525e-01
1.177438556569605221e-01,2.260154574525122251e-01,2.260154574525122528e-01,1.642340984315112107e-01,1.653150387075397187e-01
1.277636704079139485e-01,2.260154574525122528e-01,2.260154574525122528e-01,1.641353923904471102e-01,1.653079449979296955e-01
1.386361554496715331e-01,2.260154574525122528e-01,2.260154574525122251e-01,1.640283537316142570e-01,1.653002485640273633e-01
1.504338716671289877e-01,2.260154574525122528e-01,2.260154574525122528e-01,1.639122852186255808e-01,1.652918982814205739e-01
1.632355547610206681e-01,2.260154574525122528e-01,2.260154574525122528e-01,1.637864323708275172e-01,1.652828387045819081e-01
1.771266407149215960e-01,2.260154574525122528e-01,2.260154574525122251e-01,1.636499789587001485e-01,1.652730097043688118e-01
1.921998359786549204e-01,2.260154574525122528e-01,2.260154574525122528e-01,1.635020421799171508e-01,1.652623460755976437e-01
2.085557361734003412e-01,2.260154574525122528e-01,2.260154574525122806e-01,1.633416674999438323e-01,1.652507771123087332e-01
2.263034974476223482e-01,2.260154574525122528e-01,2.260154574525122528e-01,1.631678231415610858e-01,1.652382261481636361e-01
2.455615649643199117e-01,2.260154574525122528e-01,2.260154574525122806e-01,1.629793942085626668e-01,1.652246100592326683e-01
2.664584633813817383e-01,2.260154574525122528e-01,2.260154574525122528e-01,1.627751764301700876e-01,1.652098387262360690e-01
2.891336546005621178e-01,2.260154574525122806e-01,2.260154574525122251e-01,1.625538695145280210e-01,1.651938144530998021e-01
3.137384685095290782e-01,2.260154574525122528e-01,2.260154574525122528e-01,1.623140701021024979e-01,1.651764313384730398e-01
3.404371129285806430e-01,2.260154574525122528e-01,2.260154574525122528e-01,1.620542643130202520e-01,1.651575745966334385e-01
3.694077695022184860e-01,2.260154574525122528e-01,2.260154574525122528e-01,1.617728198865174272e-01,1.651371198239775795e-01
4.008437828493516819e-01,2.260154574525122528e-01,2.260154574525122528e-01,1.614679779158713635e-01,1.651149322070569192e-01
4.349549509082895615e-01,2.260154574525122528e-01,2.260154574525122528e-01,1.611378441886736068e-01,1.650908656678805875e-01
4.719689250880408915e-01,2.260154574525122251e-01,2.260154574525122528e-01,1.607803801502848406e-01,1.650647619419619849e-01
5.121327295702600146e-01,2.260154574525122251e-01,2.260154574525122528e-01,1.603933935180498760e-01,1.650364495843428259e-01
5.557144099013709981e-01,2.260154574525122528e-01,2.260154574525122528e-01,1.599745285856388755e-01,1.650057428985892138e-01
6.030048218772589008e-01,2.260154574525122528e-01,2.260154574525122251e-01,1.595212562710330295e-01,1.649724407835221618e-01
6.543195726592002659e-01,2.260154574525122251e-01,2.260154574525122528e-01,1.590308639785737999e-01,1.649363254922261990e-01
7.100011270756714232e-01,2.260154574525122251e-01,2.260154574525122528e-01,1.585004453655270151e-01,1.648971612976820877e-01
7.704210931670893991e-01,2.260154574525122528e-01,2.260154574525122251e-01,1.579268901272422032e-01,1.648546930591982818e-01
8.359827022267714014e-01,2.260154574525122528e-01,2.260154574525122528e-01,1.573068739426803087e-01,1.648086446836834473e-01
9.071234998894351920e-01,2.260154574525122528e-01,2.260154574525122806e-01,1.566368487543662591e-01,1.647587174757191852e-01
9.843182662270478778e-01,2.260154574525122528e-01,2.260154574525122528e-01,1.559130335942346401e-01,1.647045883703715519e-01
1.068082184340184870e+00,2.260154574525122528e-01,2.260154574525122251e-01,1.551314062099365121e-01,1.646459080427413735e-01
1.158974278591471618e+00,2.260154574525122251e-01,2.260154574525122806e-01,1.542876957955185424e-01,1.645822988884114435e-01
1.257601145427218459e+00,2.260154574525122528e-01,2.260154574525122251e-01,1.533773771864981872e-01,1.645133528692336311e-01
1.364621001686041835e+00,2.260154574525122528e-01,2.260154574525122528e-01,1.523956669427116717e-01,1.644386292193308896e-01
1.480748077412106234e+00,2.260154574525122806e-01,2.260154574525122528e-01,1.513375218132568256e-01,1.643576520068051883e-01
1.606757382489781838e+00,2.260154574525122251e-01,2.260154574525122528e-01,1.501976401565927599e-01,1.642699075474774728e-01
1.743489878911328450e+00,2.260154574525122528e-01,2.260154574525122528e-01,1.489704669753356137e-01,1.641748416680837153e-01
1.891858093196325807e+00,2.260154574525122528e-01,2.260154574525122251e-01,1.476502033191153807e-01,1.640718568177605696e-01
2.052852206419070402e+00,2.260154574525122528e-01,2.260154574525122251e-01,1.462308209091757460e-01,1.639603090284337539e-01
2.227546662487607687e+00,2.260154574525122528e-01,2.260154574525122528e-01,1.447060829437406548e-01,1.638395047269374238e-01
2.417107338776799619e+00,2.260154574525122528e-01,2.260154574525122528e-01,1.430695721512667828e-01,1.637086974044151266e-01
2.622799326970850498e+00,2.260154574525122528e-01,2.260154574525122251e-01,1.413147272662810539e-01,1.635670841518692686e-01
2.845995376043154668e+00,2.260154574525122528e-01,2.260154574525122528e-01,1.394348892050207844e-01,1.634138020747287201e-01
3.088185053720290174e+00,2.260154574525122528e-01,2.260154574525122806e-01,1.374233583094727207e-01,1.632479246040977050e-01
3.350984687572022835e+00,2.260154574525122251e-01,2.260154574525122806e-01,1.352734641006912708e-01,1.630684577280474001e-01
3.636148152072247175e+00,2.260154574525122528e-01,2.260154574525122528e-01,1.329786490253328513e-01,1.628743361730429495e-01
3.945578573621651763e+00,2.260154574525122528e-01,2.260154574525122251e-01,1.305325676805021984e-01,1.626644195734939513e-01
4.281341031649184004e+00,2.260154574525122528e-01,2.260154574525122528e-01,1.279292029457703150e-01,1.624374886766195569e-01
4.645676340557039374e+00,2.260154574525122251e-01,2.260154574525122528e-01,1.251630003190347673e-01,1.621922416404789069e-01
5.041016004487237190e+00,2.260154574525122251e-01,2.260154574525122528e-01,1.222290215230235483e-01,1.619272904952811509e-01
5.469998444715043817e+00,2.260154574525122806e-01,2.260154574525122528e-01,1.191231180969130887e-01,1.616411578520978443e-01
5.935486607967731310e+00,2.260154574525122251e-01,2.260154574525122251e-01,1.158421251853355705e-01,1.613322739589933830e-01
6.440587073183266398e+00,2.260154574525122528e-01,2.260154574525122528e-01,1.123840750558454671e-01,1.609989742224644527e-01
6.988670784223748100e+00,2.260154574525122528e-01,2.260154574525122251e-01,1.087484289863202419e-01,1.606394973320193764e-01
7.583395546909764029e+00,2.260154574525122251e-01,2.260154574525122528e-01,1.049363250384663382e-01,1.602519841477432760e-01
8.228730440516580202e+00,2.260154574525122528e-01,2.260154574525122528e-01,1.009508378506437376e-01,1.598344775347319280e-01
8.928982306649803746e+00,2.260154574525122806e-01,2.260154574525122528e-01,9.679724493053507017e-02,1.593849233541703159e-01
9.688824492282213541e+00,2.260154574525122528e-01,2.260154574525122528e-01,9.248329200941576844e-02,1.589011728482870589e-01
1.051332803877729027e+01,2.260154574525122251e-01,2.260154574525122251e-01,8.801944786155671552e-02,1.583809866849527626e-01
1.140799552504900838e+01,2.260154574525122528e-01,2.260154574525122806e-01,8.341913665279218626e-02,1.578220409566152005e-01
1.237879779072069120e+01,2.260154574525122528e-01,2.260154574525122528e-01,7.869893346077155849e-02,1.572219354565999871e-01
1.343221378436622082e+01,2.260154574525122528e-01,2.260154574525122528e-01,7.387870625594938900e-02,1.565782045822454449e-01
1.457527380277318763e+01,2.260154574525122806e-01,2.260154574525122251e-01,6.898168555654939083e-02,1.558883312371739105e-01
1.581560640979851762e+01,2.260154574525122528e-01,2.260154574525122528e-01,6.403444144748715594e-02,1.551497641220667967e-01
1.716148934794404468e+01,2.260154574525122251e-01,2.260154574525122251e-01,5.906674702311484615e-02,1.543599388119108462e-01
1.862190478242616365e+01,2.260154574525122251e-01,2.260154574525122528e-01,5.411130797435412254e-02,1.535163030145609286e-01
2.020659924642788852e+01,2.260154574525122251e-01,2.260154574525122528e-01,4.920334042592549445e-02,1.526163463867572789e-01
2.192614868759648772e+01,2.260154574525122528e-01,2.260154574525122806e-01,4.437998367059647203e-02,1.516576352449812981e-01
2.379202904989452705e+01,2.260154574525122528e-01,2.260154574525122528e-01,3.967954151630833509e-02,1.506378524447358203e-01
2.581669286185415402e+01,2.260154574525122528e-01,2.260154574525122251e-01,3.514055579075400088e-02,1.495548426075715698e-01
2.801365234236993018e+01,2.260154574525122251e-01,2.260154574525122806e-01,3.080072812964159551e-02,1.484066627448320519e-01
3.039756957866238452e+01,2.260154574525122528e-01,2.260154574525122528e-01,2.669572115229272569e-02,1.471916381551785502e-01
3.298435437824279148e+01,2.260154574525122528e-01,2.260154574525122251e-01,2.285788668506247984e-02,1.459084232546344895e-01
3.579127044792438284e+01,2.260154574525122251e-01,2.260154574525122528e-01,1.931498547167507379e-02,1.445560667295937296e-01
3.883705060849852941e+01,2.260154574525122528e-01,2.260154574525122528e-01,1.608897788787698457e-02,1.431340800835468607e-01
4.214202181399645042e+01,2.260154574525122806e-01,2.260154574525122251e-01,1.319497614372540026e-02,1.416425082789395384e-01
4.572824080989121143e+01,2.260154574525122528e-01,2.260154574525122528e-01,1.064045261722489089e-02,1.400820007627040231e-01
4.961964133559679624e+01,2.260154574525122528e-01,2.260154574525122251e-01,8.424793711689601214e-03,1.384538807193850807e-01
5.384219385366562705e+01,2.260154574525122806e-01,2.260154574525122251e-01,6.539271969309279689e-03,1.367602099381502179e-01
5.842407887168661063e+01,2.260154574525122528e-01,2.260154574525122528e-01,4.967480343989305602e-03,1.350038462361310976e-01
6.339587501360092858e+01,2.260154574525122528e-01,2.260154574525122528e-01,3.686232633570359594e-03,1.331884899860172333e-01
6.879076309558745095e+01,2.260154574525122251e-01,2.260154574525122528e-01,2.666886494575233454e-03,1.313187159948270011e-01
7.464474756848137815e+01,2.260154574525122251e-01,2.260154574525122528e-01,1.876995981538409153e-03,1.293999868250602370e-01
8.099689680459016472e+01,2.260154574525122251e-01,2.260154574525122528e-01,1.282156803369441725e-03,1.274386436956550794e-01
8.788960383253525777e+01,2.260154574525122528e-01,2.260154574525122528e-01,8.478777984829092684e-04,1.254418714055149653e-01
9.536886926021391275e+01,2.260154574525122251e-01,2.260154574525122528e-01,5.413037568415102847e-04,1.234176343381813146e-01
1.034846082740547644e+02,2.260154574525122806e-01,2.260154574525122806e-01,3.326318268842069466e-04,1.213745815697443720e-01
1.122909837634216643e+02,2.260154574525122806e-01,2.260154574525122528e-01,1.961056851762503386e-04,1.193219204268137490e-01
1.218467677933740703e+02,2.260154574525122806e-01,2.260154574525122806e-01,1.105321780009495020e-04,1.172692595069940447e-01
1.322157338381841782e+02,2.260154574525122251e-01,2.260154574525122528e-01,5.933318250120111153e-05,1.152264241177562987e-01
1.434670823933022348e+02,2.260154574525122528e-01,2.260154574525122528e-01,3.020742654389978031e-05,1.132032491992569223e-01
1.556759028062226946e+02,2.260154574525122251e-01,2.260154574525122806e-01,1.452045843307167892e-05,1.112093569120945480e-01
1.689236744084223858e+02,2.260154574525122806e-01,2.260154574525122528e-01,6.558043327992705546e-06,1.092539279903010085e-01
1.832988102928289891e+02,2.260154574525122528e-01,2.260154574525122528e-01,2.768163578331858869e-06,1.073454774560561320e-01
1.988972473658868125e+02,2.260154574525122528e-01,2.260154574525122528e-01,1.085757508433676914e-06,1.054916461391178367e-01
2.158230866121144800e+02,2.260154574525122528e-01,2.260154574525122528e-01,3.932646646107803640e-07,1.036990194470612803e-01
2.341892878441574908e+02,2.260154574525122806e-01,2.260154574525122528e-01,1.306485323074755974e-07,1.019729838665272281e-01
2.541184235749647087e+02,2.260154574525122528e-01,2.260154574525122528e-01,3.951825093890465916e-08,1.003176297151127105e-01
2.757434970432883006e+02,2.260154574525122528e-01,2.260154574525122251e-01,1.079689082579077576e-08,9.873570580384402606e-02
2.992088298518499414e+02,2.260154574525122528e-01,2.260154574525122528e-01,2.641477019171793087e-09,9.722862813266536230e-02
3.246710251421046109e+02,2.260154574525122806e-01,2.260154574525122528e-01,5.732728602310658195e-10,9.579654085711256095e-02
3.523000127336428591e+02,2.260154574525122528e-01,2.260154574525122251e-01,1.092482203065648100e-10,9.443842393778782707e-02
3.822801832032936318e+02,2.260154574525122528e-01,2.260154574525122251e-01,1.808010776796633676e-11,9.315223854111495672e-02
4.148116184725539597e+02,2.260154574525122528e-01,2.260154574525122528e-01,2.567483405242050564e-12,9.193509878706102034e-02
4.501114271160503222e+02,2.260154574525122528e-01,2.260154574525122806e-01,3.087997349357516190e-13,9.078345712682456270e-02
4.884151933026257097e+02,2.260154574525122806e-01,2.260154574525122528e-01,3.101487687600962380e-14,8.969329062608234759e-02
5.299785490390073619e+02,2.260154574525122528e-01,2.260154574525122528e-01,2.561686022847736144e-15,8.866027669904326391e-02
5.750788802089083447e+02,2.260154574525122528e-01,2.260154574525122528e-01,1.711261584471752394e-16,8.767994917956029033e-02
6.240171777933425119e+02,2.260154574525122528e-01,2.260154574525122528e-01,9.080263373300128109e-18,8.674782866928820724e-02
6.771200466268419405e+02,2.260154574525122806e-01,2.260154574525122528e-01,3.752852288738617689e-19,8.585952441212207908e-02
7.347418850956319147e+02,2.260154574525122528e-01,2.260154574525122806e-01,1.182689237968282367e-20,8.501080803209051795e-02
7.972672503246525366e+02,2.260154574525122806e-01,2.260154574525122806e-01,2.777188892512915725e-22,8.419766193237938900e-02
8.651134246382316633e+02,2.260154574525122251e-01,2.260154574525122528e-01,4.739060230714563836e-24,8.341630673051760037e-02
9.387332004224770117e+02,2.260154574525122806e-01,2.260154574525122251e-01,5.719153372916904230e-26,8.266321273863301566e-02
1.018617901975028417e+03,2.260154574525122528e-01,2.260154574525122528e-01,4.739449275454082902e-28,8.193510031653583603e-02
1.105300664509407397e+03,2.260154574525122528e-01,2.260154574525122528e-01,2.611610889785577237e-30,8.122893318900006876e-02
1.199359992197437123e+03,2.260154574525122251e-01,2.260154574525122528e-01,9.511352258039151127e-33,8.054190783015832689e-02
1.301423618995381958e+03,2.260154574525122251e-01,2.260154574525122806e-01,2.106620186086670276e-36,7.987144103800138117e-02
1.412172698020283406e+03,2.260154574525122251e-01,2.260154574525122528e-01,0.000000000000000000e+00,7.921515701420890621e-02
1.532346347435514417e+03,2.260154574525122251e-01,2.260154574525122528e-01,0.000000000000000000e+00,7.857087468589660229e-02
1.662746583184007477e+03,2.260154574525122251e-01,2.260154574525122528e-01,0.000000000000000000e+00,7.793659563396954093e-02
1.804243671489178951e+03,2.260154574525122251e-01,2.260154574525122528e-01,0.000000000000000000e+00,7.731049276900874012e-02
1.957781936845220798e+03,2.260154574525122251e-01,2.260154574525122528e-01,0.000000000000000000e+00,7.669089976204214454e-02
2.124386064258063925e+03,2.260154574525122251e-01,2.260154574525122251e-01,0.000000000000000000e+00,7.607630115564785467e-02
2.305167937797082686e+03,2.260154574525122251e-01,2.260154574525122528e-01,0.000000000000000000e+00,7.546532303247603657e-02
2.501334061096599271e+03,2.260154574525122251e-01,2.260154574525122528e-01,0.000000000000000000e+00,7.485672409704156871e-02
2.714193609330330673e+03,2.260154574525122251e-01,2.260154574525122251e-01,0.000000000000000000e+00,7.424938702841812899e-02
2.945167166395968707e+03,2.260154574525122251e-01,2.260154574525122528e-01,0.000000000000000000e+00,7.364230997957425806e-02
3.195796205620351429e+03,2.260154574525122251e-01,2.260154574525122528e-01,0.000000000000000000e+00,7.303459812466003842e-02
3.467753377257463853e+03,2.260154574525122251e-01,2.260154574525122528e-01,0.000000000000000000e+00,7.242545518105264479e-02
3.762853671436240347e+03,2.260154574525122251e-01,2.260154574525122806e-01,0.000000000000000000e+00,7.181417485573984849e-02
4.083066531057401789e+03,2.260154574525122251e-01,2.260154574525122528e-01,0.000000000000000000e+00,7.120013218893321560e-02
4.430528995478526667e+03,2.260154574525122251e-01,2.260154574525122528e-01,0.000000000000000000e+00,7.058277479842375857e-02
4.807559962705891849e+03,2.260154574525122251e-01,2.260154574525122251e-01,0.000000000000000000e+00,6.996161407156431533e-02
5.216675665276018663e+03,2.260154574525122251e-01,2.260154574525122528e-01,0.000000000000000000e+00,6.933621640727084812e-02
5.660606463110250843e+03,2.260154574525122251e-01,2.260154574525122528e-01,0.000000000000000000e+00,6.870619466956992549e-02
6.142315065414381024e+03,2.260154574525122251e-01,2.260154574525122528e-01,0.000000000000000000e+00,6.807120006284933522e-02
6.665016303233112012e+03,2.260154574525122251e-01,2.260154574525122528e-01,0.000000000000000000e+00,6.743091466276392165e-02
7.232198584617249253e+03,2.260154574525122251e-01,2.260154574525122528e-01,0.000000000000000000e+00,6.678504482710509449e-02
7.847647175591681844e+03,2.260154574525122251e-01,2.260154574525122528e-01,0.000000000000000000e+00,6.613331566859331767e-02
8.515469462296476195e+03,2.260154574525122251e-01,2.260154574525122528e-01,0.000000000000000000e+00,6.547546670639546595e-02
9.240122362896208870e+03,2.260154574525122251e-01,2.260154574525122528e-01,0.000000000000000000e+00,6.481124874057449248e-02
1.002644207219891359e+04,2.260154574525122251e-01,2.260154574525122528e-01,0.000000000000000000e+00,6.414042192892539795e-02
1.087967633749504239e+04,2.260154574525122251e-01,2.260154574525122806e-01,0.000000000000000000e+00,6.346275499867658210e-02
1.180551948101865128e+04,2.260154574525122251e-01,2.260154574525122806e-01,0.000000000000000000e+00,6.277802549797407983e-02
1.281015040276465152e+04,2.260154574525122251e-01,2.260154574525122251e-01,0.000000000000000000e+00,6.208602097769752581e-02
1.390027381728495493e+04,2.260154574525122251e-01,2.260154574525122251e-01,0.000000000000000000e+00,6.138654098251178359e-02
1.508316499967075833e+04,2.260154574525122251e-01,2.260154574525122806e-01,0.000000000000000000e+00,6.067939971155252021e-02
1.636671833934627466e+04,2.260154574525122251e-01,2.260154574525122528e-01,0.000000000000000000e+00,5.996442917936227468e-02
1.775950002571352888e+04,2.260154574525122251e-01,2.260154574525122528e-01,0.000000000000000000e+00,5.924148266887893644e-02
1.927080521726116422e+04,2.260154574525122251e-01,2.260154574525122528e-01,0.000000000000000000e+00,5.851043822770438108e-02
2.091072007567400215e+04,2.260154574525122251e-01,2.260154574525122528e-01,0.000000000000000000e+00,5.777120192533556631e-02
2.269018907894600125e+04,2.260154574525122251e-01,2.260154574525122528e-01,0.000000000000000000e+00,5.702371056970426122e-02
2.462108806273266600e+04,2.260154574525122251e-01,2.260154574525122528e-01,0.000000000000000000e+00,5.626793358059502259e-02
2.671630347740560319e+04,2.260154574525122251e-01,2.260154574525122251e-01,0.000000000000000000e+00,5.550387373776235339e-02
2.898981838975708524e+04,2.260154574525122251e-01,2.260154574525122251e-01,0.000000000000000000e+00,5.473156656515940077e-02
3.145680580331197780e+04,2.260154574525122251e-01,2.260154574525122251e-01,0.000000000000000000e+00,5.395107818253788712e-02
3.413372992005058040e+04,2.260154574525122251e-01,2.260154574525122251e-01,0.000000000000000000e+00,5.316250155385092435e-02
3.703845601934203296e+04,2.260154574525122251e-01,2.260154574525122528e-01,0.000000000000000000e+00,5.236595118637128732e-02
4.019036968740110024e+04,2.260154574525122251e-01,2.260154574525122528e-01,0.000000000000000000e+00,5.156155647581985024e-02
4.361050619298089441e+04,2.260154574525122251e-01,2.260154574525122528e-01,0.000000000000000000e+00,5.074945403342182026e-02
4.732169087273236801e+04,2.260154574525122251e-01,2.260154574525122528e-01,0.000000000000000000e+00,4.992977944786873568e-02
5.134869146313324745e+04,2.260154574525122251e-01,2.260154574525122528e-01,0.000000000000000000e+00,4.910265900755218793e-02
5.571838339562306646e+04,2.260154574525122251e-01,2.260154574525122528e-01,0.000000000000000000e+00,4.826820192463003589e-02
6.045992915808962425e+04,2.260154574525122251e-01,2.260154574525122251e-01,0.000000000000000000e+00,4.742649356572345432e-02
6.560497291973428219e+04,2.260154574525122251e-01,2.260154574525122806e-01,0.000000000000000000e+00,4.657759012142650978e-02
7.118785171820163669e+04,2.260154574525122251e-01,2.260154574525122251e-01,0.000000000000000000e+00,4.572151506168899149e-02
7.724582461839997268e+04,2.260154574525122251e-01,2.260154574525122528e-01,0.000000000000000000e+00,4.485825764436088270e-02
8.381932137237042480e+04,2.260154574525122251e-01,2.260154574525122528e-01,0.000000000000000000e+00,4.398777367170010610e-02
9.095221223971774452e+04,2.260154574525122251e-01,2.260154574525122251e-01,0.000000000000000000e+00,4.310998860707475344e-02
9.869210076932769152e+04,2.260154574525122251e-01,2.260154574525122806e-01,0.000000000000000000e+00,4.222480304180967203e-02
1.070906414963456336e+05,2.260154574525122251e-01,2.260154574525122528e-01,0.000000000000000000e+00,4.133210031440830851e-02
1.162038846746592171e+05,2.260154574525122251e-01,2.260154574525122528e-01,0.000000000000000000e+00,4.043175582872910595e-02
1.260926503455702768e+05,2.260154574525122251e-01,2.260154574525122528e-01,0.000000000000000000e+00,3.952364732843736961e-02
1.368229342391116370e+05,2.260154574525122251e-01,2.260154574525122528e-01,0.000000000000000000e+00,3.860766513327693744e-02
1.484663482169242052e+05,2.260154574525122251e-01,2.260154574525122528e-01,0.000000000000000000e+00,3.768372121911038597e-02
1.611005981961176149e+05,2.260154574525122251e-01,2.260154574525122806e-01,0.000000000000000000e+00,3.675175610809126858e-02
1.748100027436956007e+05,2.260154574525122251e-01,2.260154574525122251e-01,0.000000000000000000e+00,3.581174286309645599e-02
1.896860558025366627e+05,2.260154574525122251e-01,2.260154574525122251e-01,0.000000000000000000e+00,3.486368801919186022e-02
2.058280373044656881e+05,2.260154574525122251e-01,2.260154574525122528e-01,0.000000000000000000e+00,3.390762993202159348e-02
2.233436757455203624e+05,2.260154574525122251e-01,2.260154574525122251e-01,0.000000000000000000e+00,3.294363562900869818e-02
2.423498671453249408e+05,2.260154574525122251e-01,2.260154574525122251e-01,0.000000000000000000e+00,3.197179765905745069e-02
2.629734551887554699e+05,2.260154574525122251e-01,2.260154574525122528e-01,0.000000000000000000e+00,3.099223253662999888e-02
2.853520777564269956e+05,2.260154574525122251e-01,2.260154574525122528e-01,0.000000000000000000e+00,3.000508213120731127e-02
3.096350854935699608e+05,2.260154574525122251e-01,2.260154574525122251e-01,0.000000000000000000e+00,2.901051881875378602e-02
3.359845385476651136e+05,2.260154574525122251e-01,2.260154574525122251e-01,0.000000000000000000e+00,2.800875451951351583e-02
3.645762881268553319e+05,2.260154574525122251e-01,2.260154574525122528e-01,0.000000000000000000e+00,2.700005306689308091e-02
3.956011500972677022e+05,2.260154574525122251e-01,2.260154574525122251e-01,0.000000000000000000e+00,2.598474484830788286e-02
4.292661784515890758e+05,2.260154574525122251e-01,2.260154574525122528e-01,0.000000000000000000e+00,2.496324244482734517e-02
4.657960471478026593e+05,2.260154574525122251e-01,2.260154574525122528e-01,0.000000000000000000e+00,2.393605611294185101e-02
5.054345495401895605e+05,2.260154574525122251e-01,2.260154574525122528e-01,0.000000000000000000e+00,2.290380836223467054e-02
5.484462254095365060e+05,2.260154574525122251e-01,2.260154574525122251e-01,0.000000000000000000e+00,2.186724748757405690e-02
5.951181264510094188e+05,2.260154574525122251e-01,2.260154574525122806e-01,0.000000000000000000e+00,2.082726057666790462e-02
6.457617320022517815e+05,2.260154574525122251e-01,2.260154574525122251e-01,0.000000000000000000e+00,1.978488708858811354e-02
7.007150277968844166e+05,2.260154574525122251e-01,2.260154574525122528e-01,0.000000000000000000e+00,1.874133446007118092e-02
7.603447616166195367e+05,2.260154574525122251e-01,2.260154574525122806e-01,0.000000000000000000e+00,1.769799725467299106e-02
8.250488908957943786e+05,2.260154574525122251e-01,2.260154574525122528e-01,0.000000000000000000e+00,1.665648107842538500e-02
8.952592386131330859e+05,2.260154574525122251e-01,2.260154574525122806e-01,0.000000000000000000e+00,1.561863183439684416e-02
9.714443751956977649e+05,2.260154574525122251e-01,2.260154574525122528e-01,0.000000000000000000e+00,1.458656989275735130e-02
1.054112745668251067e+06,2.260154574525122251e-01,2.260154574525122528e-01,0.000000000000000000e+00,1.356272744788887541e-02
1.143816062918084441e+06,2.260154574525122251e-01,2.260154574525122528e-01,0.000000000000000000e+00,1.254988578661535986e-02
1.241152989721249091e+06,2.260154574525122251e-01,2.260154574525122528e-01,0.000000000000000000e+00,1.155120753025183286e-02
1.346773134103398072e+06,2.260154574525122251e-01,2.260154574525122251e-01,0.000000000000000000e+00,1.057025736245343836e-02
1.461381384699437534e+06,2.260154574525122251e-01,2.260154574525122528e-01,0.000000000000000000e+00,9.611003646073337098e-03
1.585742615045428276e+06,2.260154574525122251e-01,2.260154574525122251e-01,0.000000000000000000e+00,8.677793062275203709e-03
1.720686788198196795e+06,2.260154574525122251e-01,2.260154574525122806e-01,0.000000000000000000e+00,7.775291335652432211e-03
1.867114495750000235e+06,2.260154574525122251e-01,2.260154574525122528e-01,0.000000000000000000e+00,6.908385431538565692e-03
2.026002968204474775e+06,2.260154574525122251e-01,2.260154574525122251e-01,0.000000000000000000e+00,6.082046232119019125e-03
2.198412596826066729e+06,2.260154574525122251e-01,2.260154574525122528e-01,0.000000000000000000e+00,5.301155200027404465e-03
2.385494010488412343e+06,2.260154574525122251e-01,2.260154574525122251e-01,0.000000000000000000e+00,4.570303255902168765e-03
2.588495754751321394e+06,2.260154574525122251e-01,2.260154574525122251e-01,0.000000000000000000e+00,3.893574280552479158e-03
2.808772624414915219e+06,2.260154574525122251e-01,2.260154574525122806e-01,0.000000000000000000e+00,3.274328667811487927e-03
3.047794705160946585e+06,2.260154574525122251e-01,2.260154574525122806e-01,0.000000000000000000e+00,2.715003828490053159e-03
3.307157184623319656e+06,2.260154574525122251e-01,2.260154574525122528e-01,0.000000000000000000e+00,2.216948409304093925e-03
3.588590998365190811e+06,2.260154574525122251e-01,2.260154574525122528e-01,0.000000000000000000e+00,1.780305398526618862e-03
3.893974381811680738e+06,2.260154574525122251e-01,2.260154574525122528e-01,0.000000000000000000e+00,1.403956476391248105e-03
4.225345405233788304e+06,2.260154574525122251e-01,2.260154574525122251e-01,0.000000000000000000e+00,1.085536111890556942e-03
4.584915575439366512e+06,2.260154574525122251e-01,2.260154574525122806e-01,0.000000000000000000e+00,8.215190860830596728e-04
4.975084594946485944e+06,2.260154574525122251e-01,2.260154574525122251e-01,0.000000000000000000e+00,6.073793830805912421e-04
5.398456377138828859e+06,2.260154574525122251e-01,2.260154574525122806e-01,0.000000000000000000e+00,4.378119121749079546e-04
5.857856424285469577e+06,2.260154574525122251e-01,2.260154574525122528e-01,0.000000000000000000e+00,3.070017888328154714e-04
6.356350684402322397e+06,2.260154574525122251e-01,2.260154574525122806e-01,0.000000000000000000e+00,2.089197759640741201e-04
6.897266012802671641e+06,2.260154574525122251e-01,2.260154574525122806e-01,0.000000000000000000e+00,1.376181449630911960e-04
7.484212374892893247e+06,2.260154574525122251e-01,2.260154574525122251e-01,0.000000000000000000e+00,8.749987713479028006e-05
8.121106938390974887e+06,2.260154574525122251e-01,2.260154574525122251e-01,0.000000000000000000e+00,5.353665849503158429e-05
8.812200215754264966e+06,2.260154574525122251e-01,2.260154574525122528e-01,0.000000000000000000e+00,3.141764630011714416e-05
9.562104431286474690e+06,2.260154574525122251e-01,2.260154574525122251e-01,0.000000000000000000e+00,1.762064491171729490e-05
1.037582430224008672e+07,2.260154574525122251e-01,2.260154574525122528e-01,0.000000000000000000e+00,9.408347073553442183e-06
1.125879043934177235e+07,2.260154574525122251e-01,2.260154574525122528e-01,0.000000000000000000e+00,4.762389624449799883e-06
1.221689558964937367e+07,2.260154574525122251e-01,2.260154574525122806e-01,0.000000000000000000e+00,2.274992410664327542e-06
1.325653396361822076e+07,2.260154574525122251e-01,2.260154574525122806e-01,0.000000000000000000e+00,1.020551689858366039e-06
1.438464390883836523e+07,2.260154574525122251e-01,2.260154574525122806e-01,0.000000000000000000e+00,4.276271778058048379e-07
1.560875421523861773e+07,2.260154574525122251e-01,2.260154574525122806e-01,0.000000000000000000e+00,1.663983042081341499e-07
1.693703436079037189e+07,2.260154574525122251e-01,2.260154574525122806e-01,0.000000000000000000e+00,5.975161914894878396e-08
1.837834903304026276e+07,2.260154574525122251e-01,2.260154574525122806e-01,0.000000000000000000e+00,1.966522564937887772e-08
1.994231729033886269e+07,2.260154574525122251e-01,2.260154574525122528e-01,0.000000000000000000e+00,5.888103699060944353e-09
2.163937675759537145e+07,2.260154574525122251e-01,2.260154574525122528e-01,0.000000000000000000e+00,1.591050469598471875e-09
2.348085328498962522e+07,2.260154574525122251e-01,2.260154574525122251e-01,0.000000000000000000e+00,3.846199158599984815e-10
2.547903653452890366e+07,2.260154574525122251e-01,2.260154574525122806e-01,0.000000000000000000e+00,8.239549429871060111e-11
2.764726199890091270e+07,2.260154574525122251e-01,2.260154574525122528e-01,0.000000000000000000e+00,1.548222608216350781e-11
3.000000000000000000e+07,2.260154574525122251e-01,2.260154574525122251e-01,0.000000000000000000e+00,2.523340976021116689e-12
